1.61585,0.434176,-0.097441
1.60863,0.396606,-0.154659
1.59491,0.381433,-0.0190914
1.6216,0.460394,-0.0883431
1.61932,0.441476,-0.137018
1.59031,0.333681,-0.151685
1.59146,0.328128,-0.151685
1.60422,0.408017,-0.0481739
1.60731,0.408802,-0.13539
1.60176,0.401443,-0.0480576
1.59934,0.394612,-0.0479412
1.58905,0.386194,-0.0475921
1.57909,0.302943,0.0187189
1.59421,0.381854,-0.0477085
1.60511,0.384463,-0.13474
1.59164,0.375369,-0.0475921
1.59868,0.377028,-0.134089
1.59301,0.369533,-0.0475921
1.58643,0.362468,-0.0473594
1.61746,0.453735,-0.11747
1.58378,0.35605,-0.047243
1.59113,0.357702,-0.207585
1.57227,0.273557,0.0185792
1.61134,0.445957,-0.116912
1.59865,0.359392,-0.133763
1.61353,0.446562,-0.0779862
1.58508,0.350244,-0.047243
1.5963,0.352724,-0.20809
1.56932,0.267122,0.0185326
1.60912,0.438999,-0.116633
1.59606,0.352671,-0.133438
1.59014,0.345835,-0.0473594
1.58971,0.345742,-0.20708
1.56625,0.261258,0.018486
1.60671,0.432622,-0.116354
1.61275,0.434248,-0.0778
1.58743,0.339445,-0.047243
1.58315,0.33853,-0.20607
1.60436,0.425987,-0.116075
1.59453,0.340964,-0.133112
1.57692,0.33116,-0.0468939
1.56413,0.249414,-0.0184395
1.59214,0.334357,-0.20708
1.55623,0.248154,0.0183463
1.60591,0.420104,-0.116075
1.59187,0.334298,-0.132787
1.60808,0.420674,-0.0774278
1.57024,0.324037,-0.0466612
1.58553,0.327193,-0.20607
1.56499,0.243952,0.0184395
1.60736,0.414495,-0.116075
1.60567,0.41406,-0.0772417
1.57125,0.319103,-0.0466612
1.5618,0.238431,0.0183929
1.60479,0.40846,-0.115796
1.59014,0.32294,-0.132461
1.57246,0.313067,-0.0466612
1.58388,0.315341,-0.205565
1.60248,0.401325,-0.115517
1.60077,0.400898,-0.0768694
1.57736,0.308894,-0.0467776
1.58487,0.310364,-0.205565
1.55947,0.226946,0.0183463
1.60373,0.396289,-0.115517
1.6059,0.396826,-0.0770555
1.57057,0.301876,-0.0465449
1.56025,0.2215,-0.0183463
1.58594,0.304829,-0.205565
1.55629,0.220938,0.0182998
1.60123,0.389744,-0.115238
1.59951,0.389328,-0.0766833
1.60082,0.389645,-0.0383377
1.56774,0.295378,-0.0464285
1.591,0.381084,0
1.59732,0.382597,-0.176924
1.55709,0.215233,0.0182998
1.59488,0.382014,-0.11468
1.60942,0.469712,-0.107449
1.59705,0.382532,-0.0764972
1.56871,0.290178,-0.0464285
1.55779,0.210069,-0.0182998
1.59084,0.375472,-0.176068
1.55383,0.209534,0.0182532
1.59614,0.376724,-0.11468
1.59053,0.375399,-0.0761249
1.56972,0.2847,-0.0464285
1.55455,0.204108,-0.0182532
1.58124,0.286789,-0.204555
1.59214,0.369916,-0.176068
1.54662,0.203067,0.0181601
1.58967,0.369343,-0.114122
1.6049,0.456562,-0.106937
1.56908,0.284584,0.0649688
1.59183,0.369844,-0.0761249
1.57075,0.278945,-0.0464285
1.5793,0.360839,0
1.57837,0.280298,-0.204049
1.59102,0.363515,-0.114122
1.60272,0.449599,-0.106681
1.59317,0.364008,-0.0761249
1.61237,0.452307,-0.0682254
1.56777,0.272775,-0.0463121
1.58055,0.355324,0
1.552,0.192488,-0.0182067
1.57934,0.274787,-0.204049
1.57922,0.355025,-0.174354
1.552,0.192488,0.0182067
1.59617,0.358834,-0.114401
1.60428,0.444002,-0.106681
1.55926,0.271294,0.0644803
1.58274,0.355815,-0.0755665
1.56867,0.267574,-0.0463121
1.58563,0.350945,0
1.58816,0.351504,-0.175211
1.58956,0.351814,-0.113843
1.59804,0.436575,-0.10617
1.56803,0.267466,0.064806
1.58391,0.350564,-0.0755665
1.60385,0.438161,-0.0677369
1.56171,0.26078,-0.0460794
1.57071,0.262284,-0.318494
1.57121,0.342005,0
1.5493,0.181454,-0.0181601
1.58937,0.345959,-0.175211
1.5493,0.181454,0.0181601
1.58688,0.345415,-0.113564
1.60341,0.432033,-0.106425
1.56501,0.261333,0.0646432
1.58512,0.345034,-0.0755665
1.59765,0.430481,-0.0674113
1.5666,0.255698,-0.0461958
1.57245,0.336243,0
1.54996,0.175774,-0.0181601
1.59452,0.340962,-0.175639
1.58423,0.338762,-0.113285
1.59726,0.424104,-0.105914
1.59029,0.340057,-0.0757527
1.56353,0.249598,-0.0460794
1.57362,0.330753,0
1.54261,0.169489,-0.018067
1.54261,0.169489,0.018067
1.5815,0.332409,-0.113005
1.55895,0.248867,0.0643175
1.58364,0.33286,-0.0753804
1.55507,0.248247,0.128556
1.59682,0.418025,-0.0672484
1.56036,0.244067,-0.045963
1.58248,0.327428,0
1.53916,0.164217,-0.0180204
1.57915,0.326739,-0.250883
1.57338,0.325545,-0.173069
1.53916,0.164217,0.0180204
1.58253,0.327439,-0.113005
1.59231,0.411504,-0.105402
1.56367,0.244585,0.0644803
1.58468,0.327883,-0.0753804
1.54797,0.242128,0.127905
1.602,0.414006,-0.0674113
1.55729,0.237743,-0.0458467
1.57422,0.240328,-0.318494
1.57191,0.319238,0
1.54373,0.158985,-0.018067
1.58236,0.321359,-0.173926
1.58372,0.321637,-0.113005
1.58994,0.40468,-0.105146
1.55271,0.237043,0.0639919
1.57804,0.320482,-0.0750082
1.54096,0.23525,0.127254
1.59576,0.40616,-0.0670856
1.55807,0.232578,-0.0458467
1.57113,0.234528,-0.31771
1.56904,0.313241,0
1.58527,0.316481,-0.251498
1.54027,0.153468,0.0180204
1.57696,0.314821,-0.112447
1.5874,0.398434,-0.10489
1.55348,0.231893,0.0639919
1.57909,0.315248,-0.0750082
1.54173,0.230139,0.127254
1.58934,0.398921,-0.06676
1.58404,0.391716,-0.0284823
1.55887,0.227137,-0.0458467
1.56418,0.22791,-0.316141
1.57405,0.308531,0
1.53681,0.147708,-0.0179738
1.58637,0.310945,-0.251498
1.5767,0.309051,-0.173069
1.54079,0.14809,0.0180204
1.57413,0.308547,-0.112168
1.55824,0.227045,0.0641547
1.58018,0.309734,-0.0750082
1.55969,0.221422,-0.0458467
1.56889,0.222728,-0.316926
1.56731,0.30125,0
1.53734,0.142074,-0.0179738
1.57973,0.303637,-0.250268
1.57001,0.301769,-0.172212
1.53734,0.142074,0.0179738
1.57133,0.302022,-0.111889
1.58633,0.386121,-0.104635
1.57739,0.303186,-0.074822
1.53545,0.21798,0.126603
1.58827,0.386592,-0.0665971
1.5525,0.215151,-0.045614
1.56962,0.217523,-0.316926
1.56437,0.295308,0
1.53781,0.136975,-0.0179738
1.5885,0.299863,-0.251498
1.58273,0.298774,-0.173497
1.58017,0.29829,-0.112447
1.58373,0.379927,-0.104379
1.54791,0.214515,0.0636662
1.57053,0.296471,-0.0744498
1.54011,0.213434,0.126929
1.58566,0.38039,-0.0664343
1.57967,0.298196,-0.0374071
1.55324,0.20973,-0.045614
1.56259,0.210993,-0.315357
1.56539,0.289845,0
1.57788,0.292157,-0.249653
1.56506,0.211325,-0.201019
1.58827,0.375157,0.00948504
1.56421,0.289627,-0.171355
1.53031,0.130924,0.0178807
1.57335,0.291319,-0.111889
1.58504,0.374396,-0.104379
1.54469,0.208575,0.0635034
1.57155,0.290986,-0.0744498
1.58698,0.374853,-0.0664343
1.554,0.204036,-0.045614
1.55947,0.204754,-0.314572
1.56644,0.284106,0
1.53476,0.125641,-0.0179273
1.57505,0.285667,-0.249038
1.57309,0.285311,-0.172212
1.52679,0.124988,0.0178341
1.56655,0.284126,-0.111331
1.58251,0.367681,-0.104123
1.55337,0.203953,0.063829
1.57261,0.285225,-0.0744498
1.53369,0.20137,0.126278
1.58055,0.367225,-0.0661086
1.579,0.361059,-0.0282729
1.54677,0.197597,-0.0453812
1.56017,0.199309,-0.314572
1.56349,0.277936,0
1.56825,0.278783,-0.247809
1.59091,0.363782,0.00948504
1.56624,0.278426,-0.171355
1.56754,0.278656,-0.111331
1.5799,0.361264,-0.103867
1.5736,0.279733,-0.0744498
1.56051,0.271791,0
1.53161,0.114625,-0.0178807
1.577,0.274664,-0.249038
1.5554,0.193184,-0.199504
1.58046,0.355593,0.0094153
1.55937,0.271593,-0.170499
1.53161,0.114625,0.0178807
1.56457,0.272498,-0.111052
1.56967,0.273387,0.0927899
1.55079,0.192611,0.0636662
1.56669,0.272868,-0.0740776
1.5311,0.190166,0.125952
1.57918,0.355304,-0.0659458
1.57758,0.349163,-0.0282031
1.54017,0.185836,-0.0451485
1.56539,0.267015,0
1.57016,0.267829,-0.247809
1.58951,0.351803,0.0094618
1.52801,0.108994,0.0178341
1.55764,0.265694,-0.110494
1.56274,0.266563,0.0923248
1.54352,0.186239,0.0633405
1.55976,0.266054,-0.0737053
1.58041,0.34979,-0.0659458
1.57091,0.342226,-0.0280635
1.54078,0.180727,-0.0451485
1.55825,0.182776,-0.313788
1.55838,0.260503,0
1.52837,0.103925,-0.0178341
1.57494,0.263272,-0.248424
1.58285,0.344827,0.0094153
1.56118,0.260972,-0.170499
1.52837,0.103925,0.0178341
1.55852,0.260526,-0.110494
1.57963,0.344127,-0.103611
1.56362,0.261379,0.0923248
1.53619,0.180188,0.0630149
1.56457,0.261539,-0.0738914
1.5284,0.179275,0.125627
1.57766,0.343696,-0.065783
1.54935,0.176252,-0.0453812
1.55887,0.177336,-0.313788
1.55533,0.254416,0
1.52473,0.0983327,-0.0177876
1.56415,0.255859,-0.246579
1.58013,0.338462,0.00939205
1.55816,0.254879,-0.17007
1.51275,0.0975605,0.0176479
1.55942,0.255085,-0.110494
1.58082,0.338611,-0.103611
1.56452,0.25592,0.0923248
1.54078,0.175277,0.0631777
1.55759,0.254786,-0.0735192
1.57103,0.336513,-0.0654573
1.5732,0.331526,-0.0280635
1.54595,0.170675,-0.0452649
1.55221,0.248625,0
1.52105,0.0930321,-0.017741
1.55718,0.24942,-0.245349
1.55394,0.171558,-0.198999
1.58124,0.333221,0.00939205
1.55899,0.249711,-0.17007
1.52105,0.0930321,0.017741
1.55631,0.249282,-0.110215
1.57413,0.331721,-0.1031
1.5334,0.16929,0.062852
1.56631,0.250883,-0.0738914
1.57214,0.331302,-0.0654573
1.55615,0.166304,-0.313003
1.54912,0.242586,0
1.55804,0.243983,-0.245349
1.5824,0.327699,0.00939205
1.55593,0.243652,-0.169642
1.51338,0.0872612,0.0176479
1.56112,0.244464,-0.110494
1.57392,0.325944,0.0467776
1.57137,0.325414,-0.102844
1.55834,0.244029,0.0918597
1.53796,0.164361,0.0630149
1.55534,0.24356,-0.0733331
1.57329,0.325812,-0.0654573
1.54315,0.159198,-0.0451485
1.55674,0.1606,-0.313003
1.55791,0.238116,0
1.52568,0.0823609,-0.0177876
1.55893,0.238271,-0.245349
1.55119,0.160026,-0.198494
1.57183,0.319507,0.00932231
1.55681,0.237948,-0.169642
1.52168,0.0821453,0.017741
1.562,0.238741,-0.110494
1.57119,0.319377,0.0466612
1.57255,0.319653,-0.102844
1.5306,0.157903,0.0626892
1.56412,0.239065,-0.0737053
1.57055,0.319247,-0.0652945
1.5688,0.313192,-0.0279239
1.53972,0.153413,-0.0450321
1.55339,0.154775,-0.312219
1.54686,0.230904,0
1.51796,0.0766311,-0.0176944
1.55584,0.232244,-0.244734
1.57686,0.314801,0.00934556
1.54433,0.153872,-0.00902009
1.54976,0.231337,-0.168785
1.51397,0.0764295,0.0176479
1.55493,0.232109,-0.109936
1.5723,0.31389,0.0466612
1.56974,0.31338,-0.102588
1.53114,0.152558,0.0626892
1.55704,0.232424,-0.0733331
1.57166,0.313763,-0.0652945
1.56198,0.306448,-0.0277842
1.54022,0.148306,-0.0450321
1.54609,0.148871,-0.31065
1.54762,0.225773,0
1.51821,0.0715965,-0.0176944
1.5566,0.227083,-0.244734
1.57397,0.3088,0.00932231
1.55052,0.226196,-0.168785
1.52221,0.0717849,0.017741
1.55175,0.226375,-0.109657
1.5694,0.307904,0.0465449
1.57077,0.308173,-0.102588
1.55685,0.22712,0.0916271
1.53164,0.14748,0.0626892
1.5578,0.227259,-0.0733331
1.56877,0.307779,-0.0651317
1.56303,0.228021,-0.0367558
1.56697,0.301751,-0.027854
1.54073,0.14293,-0.0450321
1.5505,0.143837,-0.311434
1.54444,0.219807,0
1.51445,0.0661231,-0.0176479
1.54956,0.220535,-0.243504
1.56325,0.301035,0.00925257
1.51845,0.0662976,0.0176944
1.55253,0.220958,-0.109657
1.57047,0.302425,0.0465449
1.564,0.301179,-0.102076
1.55368,0.221123,0.0913945
1.53215,0.142133,0.0626892
1.55859,0.22182,-0.0733331
1.56198,0.300791,-0.064806
1.54709,0.138074,-0.31065
1.54519,0.214414,0
1.51068,0.0606754,-0.0176013
1.55423,0.215668,-0.244119
1.54534,0.137918,-0.197484
1.56822,0.296319,0.00927581
1.51867,0.0609964,0.0176944
1.54934,0.214988,-0.109378
1.56366,0.295456,0.0463121
1.53765,0.137232,0.0269465
1.56504,0.295717,-0.102076
1.55445,0.215698,0.0913945
1.53661,0.137139,0.062852
1.55935,0.216378,-0.0733331
1.56695,0.296079,-0.0649688
1.56117,0.289346,-0.0277144
1.52974,0.131145,-0.0446831
1.54593,0.209019,0
1.51888,0.0556952,-0.0176944
1.55106,0.209712,-0.243504
1.57318,0.291572,0.00929906
1.53435,0.13154,-0.00895035
1.51488,0.0555486,0.0176479
1.55799,0.210648,-0.109936
1.56468,0.289997,0.0463121
1.56606,0.290253,-0.102076
1.52115,0.130409,0.0622007
1.55218,0.209863,-0.0729608
1.56797,0.290607,-0.0649688
1.56616,0.284337,-0.0277842
1.53021,0.125537,-0.0446831
1.54804,0.127,-0.31065
1.53876,0.202308,0
1.51907,0.0501275,-0.0176944
1.55574,0.20454,-0.244119
1.53838,0.126208,-0.196473
1.5703,0.28509,0.00927581
1.55357,0.204255,-0.168785
1.51108,0.0498636,0.0176013
1.55083,0.203896,-0.109378
1.56967,0.284974,0.0464285
1.56712,0.284511,-0.102076
1.54011,0.202487,0.0904643
1.5256,0.12516,0.0623636
1.54898,0.203652,-0.0727747
1.56903,0.284858,-0.0649688
1.55922,0.277738,-0.0276446
1.53062,0.120462,-0.0446831
1.53942,0.197204,0
1.50723,0.0447334,-0.0175548
1.54464,0.197873,-0.242274
1.51123,0.0448521,0.0176013
1.55546,0.199259,-0.109657
1.55879,0.277663,0.0460794
1.56412,0.278612,-0.10182
1.5487,0.198393,0.0909294
1.52601,0.120099,0.0623636
1.55361,0.199021,-0.0729608
1.54764,0.198256,0.191579
1.5621,0.278251,-0.0646432
1.55487,0.199183,-0.0364766
1.52704,0.114819,-0.0445667
1.54104,0.115872,-0.309081
1.54407,0.192324,0
1.50738,0.0394722,-0.0175548
1.54533,0.19248,-0.242274
1.53524,0.115436,-0.195968
1.56433,0.273019,0.00922932
1.55097,0.193184,-0.168357
1.50738,0.0394722,0.0175548
1.54823,0.192842,-0.109099
1.55975,0.27222,0.0460794
1.56115,0.272464,-0.101565
1.54938,0.192986,0.0909294
1.52642,0.114772,0.0623636
1.55033,0.193103,-0.0727747
1.55912,0.27211,-0.0644803
1.55717,0.266173,-0.0275748
1.53142,0.109774,-0.0446831
1.54076,0.186453,0
1.50751,0.0342105,-0.0175548
1.54206,0.186611,-0.24166
1.53564,0.110076,-0.195968
1.55739,0.266209,0.00918282
1.52805,0.109533,-0.00890385
1.50751,0.0342105,0.0175548
1.56463,0.267448,0.0461958
1.56209,0.267014,-0.101565
1.54608,0.187097,0.0906969
1.51884,0.108872,0.0620379
1.55496,0.188171,-0.0729608
1.5411,0.186494,0.190604
1.55612,0.265993,-0.0643175
1.51115,0.108321,0.276228
1.55225,0.187844,-0.0363836
1.53179,0.104428,-0.0446831
1.54182,0.105111,-0.309081
1.5414,0.181074,0
1.50762,0.0289485,-0.0175548
1.54271,0.181227,-0.24166
1.53205,0.104446,-0.195463
1.5583,0.260771,0.00918282
1.54044,0.18096,-0.167071
1.50762,0.0289485,0.0175548
1.54954,0.182029,-0.109099
1.56162,0.261325,0.0460794
1.55514,0.260242,-0.101053
1.53483,0.180302,0.0899992
1.51124,0.103026,0.0617122
1.5437,0.181344,-0.0724024
1.56098,0.261219,-0.0644803
1.50366,0.10251,0.274793
1.55899,0.255295,-0.0275748
1.5122,0.0977899,-0.0441012
1.53826,0.0994751,-0.308296
1.54202,0.175692,0
1.50771,0.0236853,-0.0175548
1.54333,0.17584,-0.24166
1.53241,0.0990968,-0.195463
1.56315,0.255976,0.00920607
1.52479,0.098604,-0.0088806
1.53711,0.175131,-0.166643
1.49971,0.0235597,0.0174616
1.5462,0.176167,-0.10882
1.55857,0.255226,0.045963
1.55604,0.254812,-0.101053
1.53942,0.175394,0.0902318
1.51159,0.0977502,0.0617122
1.54829,0.176406,-0.0725886
1.54236,0.17573,0.190604
1.56188,0.255769,-0.0644803
1.51187,0.0977683,0.276228
1.55198,0.248586,-0.0274352
1.52051,0.0929985,-0.044334
1.5386,0.0941045,-0.308296
1.54263,0.170308,0
1.49979,0.0183241,-0.0174616
1.54,0.170018,-0.241045
1.56009,0.249885,0.00918282
1.52912,0.0935247,-0.00890385
1.55352,0.17151,-0.168357
1.54618,0.1707,0.0361974
1.49579,0.0182753,0.0174151
1.54284,0.170331,-0.108541
1.55156,0.248519,0.0457303
1.5648,0.250641,-0.101565
1.54002,0.170019,0.0902318
1.50793,0.0922288,0.0615494
1.54493,0.170562,-0.0724024
1.53113,0.169038,0.189141
1.55882,0.249682,-0.0643175
1.50827,0.0922496,0.275511
1.55279,0.24344,-0.0274352
1.52081,0.0879568,-0.044334
1.53921,0.164766,0
1.49984,0.0133516,-0.0174616
1.53305,0.0886644,-0.195463
1.54905,0.242853,0.00911308
1.52143,0.0879925,-0.00885736
1.53826,0.164665,-0.166643
1.50384,0.0133872,0.0175082
1.54736,0.165639,-0.10882
1.55632,0.243993,0.0458467
1.52522,0.0882115,0.0266673
1.56168,0.244833,-0.101309
1.54057,0.164913,0.0902318
1.50823,0.0872288,0.0615494
1.53563,0.164383,0.189629
1.55174,0.243275,-0.0639919
1.50857,0.0872485,0.275511
1.54573,0.236806,-0.0272956
1.52111,0.0826472,-0.044334
1.53137,0.0832046,-0.306727
1.53579,0.15898,0
1.49988,0.00811568,-0.0174616
1.5372,0.159125,-0.24043
1.52939,0.0830968,-0.194958
1.54989,0.237444,0.00911308
1.52173,0.0826808,-0.00885736
1.54793,0.160236,-0.10882
1.55321,0.237953,0.0457303
1.52552,0.0828866,0.0266673
1.55464,0.238171,-0.100797
1.54114,0.159534,0.0902318
1.5165,0.0823968,0.0618751
1.54605,0.160042,-0.0724024
1.53224,0.158613,0.189141
1.55258,0.237856,-0.0639919
1.49708,0.0813413,0.273358
1.55046,0.232271,-0.0273654
1.52537,0.0778058,-0.0444503
1.53555,0.0783253,-0.307512
1.53631,0.153886,0
1.4959,0.00313308,-0.0174151
1.53771,0.154027,-0.24043
1.52569,0.0778222,-0.194453
1.55067,0.232303,0.00911308
1.518,0.0774299,-0.00883411
1.53539,0.153794,-0.166215
1.4999,0.00314146,0.0174616
1.54448,0.154704,-0.108541
1.55399,0.232801,0.0457303
1.5178,0.0774194,0.0265277
1.55147,0.232422,-0.100541
1.53371,0.153626,0.0897667
1.50879,0.0769599,0.0615494
1.5426,0.154516,-0.0722163
1.53276,0.15353,0.189141
1.55732,0.233298,-0.0641547
1.53988,0.154243,-0.0360113
1.54339,0.225431,-0.0272258
1.51766,0.0718368,-0.0442176
1.54132,0.148684,-0.433477
1.52799,0.0723261,-0.305943
1.53687,0.148254,0
1.5039,-0.00236192,-0.0175082
1.5304,0.147631,-0.2392
1.522,0.0720424,-0.193948
1.55151,0.226618,0.00911308
1.51827,0.071866,-0.00883411
1.53594,0.148166,-0.166215
1.4959,-0.00234935,0.0174151
1.54107,0.14866,-0.108262
1.55879,0.227682,0.0458467
1.55626,0.227312,-0.100797
1.53029,0.14762,0.0895341
1.50507,0.0712407,0.0613866
1.54316,0.148861,-0.0722163
1.53331,0.147912,0.189141
1.55421,0.227012,-0.0639919
1.49761,0.0708877,0.273358
1.5139,0.0663632,-0.0441012
1.53799,0.142946,-0.432399
1.52824,0.0669915,-0.305943
1.52941,0.142148,0
1.49588,-0.00757139,-0.0174151
1.53484,0.142653,-0.239815
1.55229,0.2212,0.00911308
1.51452,0.0663902,-0.00881086
1.53645,0.142803,-0.166215
1.49188,-0.00755115,0.0173685
1.54158,0.143279,-0.108262
1.5477,0.220546,0.0454976
1.55704,0.221877,-0.100797
1.5308,0.142277,0.0895341
1.5053,0.0659862,0.0613866
1.53969,0.143104,-0.0720302
1.52591,0.141823,0.188166
1.55499,0.221585,-0.0639919
1.49785,0.0656593,0.273358
1.54094,0.14322,-0.0360113
1.54885,0.215472,-0.0272956
1.51811,0.0615047,-0.0442176
1.53846,0.137845,-0.432399
1.53386,0.137433,0
1.49185,-0.0124981,-0.0173685
1.52246,0.0616808,-0.193948
1.54509,0.21495,0.00906659
1.51473,0.0613678,-0.00881086
1.52899,0.136997,-0.165358
1.53742,0.137753,0.0359183
1.48785,-0.0124646,0.0173219
1.53807,0.13781,-0.107983
1.52567,0.0618109,-0.12465
1.54051,0.214311,0.0452649
1.54986,0.215613,-0.100285
1.53126,0.1372,0.0895341
1.50552,0.0609944,0.0613866
1.54015,0.137997,-0.0720302
1.52638,0.136763,0.188166
1.55176,0.215876,-0.063829
1.50985,0.0611701,0.275511
1.54566,0.209256,-0.0272258
1.51833,0.0559398,-0.0442176
1.53511,0.131875,-0.431321
1.52867,0.0563208,-0.305943
1.52638,0.131125,0
1.49179,-0.0179662,-0.0173685
1.51871,0.0559538,-0.193443
1.53794,0.208211,0.00902009
1.51894,0.0559625,-0.00883411
1.53741,0.132073,-0.166215
1.48379,-0.0178699,0.0172754
1.53459,0.13183,-0.107704
1.54524,0.2092,0.0453812
1.51474,0.0558077,0.0264578
1.54669,0.209395,-0.10003
1.53175,0.131587,0.0895341
1.50173,0.0553285,0.0612238
1.54065,0.132351,-0.0720302
1.52687,0.131167,0.188166
1.5565,0.210723,-0.0639919
1.4904,0.054911,0.271923
1.53792,0.132116,-0.0359183
1.53845,0.202815,-0.0270861
1.51452,0.0505066,-0.0441012
1.52494,0.050854,-0.305159
1.52284,0.125468,0
1.49572,-0.0232353,-0.0174151
1.52837,0.125924,-0.238585
1.51889,0.0506525,-0.193443
1.53866,0.202842,0.00902009
1.50714,0.0502605,-0.00876437
1.52597,0.125726,-0.164929
1.49572,-0.0232353,0.0174151
1.53901,0.126801,-0.107983
1.52209,0.0507591,-0.124325
1.53804,0.20276,0.0451485
1.55137,0.204517,-0.100285
1.51628,0.124928,0.0886039
1.53314,0.126316,-0.0716579
1.52336,0.125511,0.187679
1.54534,0.203722,-0.0635034
1.49058,0.0497085,0.271923
1.53438,0.126419,-0.0358252
1.53912,0.197711,-0.0270861
1.50668,0.0452435,-0.0438685
1.52118,0.0456787,-0.304374
1.52724,0.120732,0
1.49563,-0.0281955,-0.0174151
1.52878,0.120855,-0.238585
1.52302,0.0457341,-0.193948
1.54329,0.198248,0.00904334
1.51529,0.045502,-0.00881086
1.52638,0.120665,-0.164929
1.49163,-0.0281201,0.0173685
1.53545,0.121382,-0.107704
1.54663,0.198677,0.0453812
1.54808,0.198862,-0.10003
1.50119,-0.0283003,-0.0874411
1.52863,0.120843,0.0893015
1.49808,0.0449852,0.0610609
1.52956,0.120916,-0.0714718
1.51981,0.120145,0.187191
1.54997,0.199105,-0.0636662
1.49074,0.0447648,0.271923
1.53586,0.191574,-0.0270163
1.49884,0.0395106,-0.0436358
1.52525,0.0402067,-0.305159
1.52368,0.114834,0
1.49152,-0.0335867,-0.0173685
1.54401,0.19259,0.00904334
1.48352,-0.0334067,0.0172754
1.53588,0.115753,-0.107704
1.53941,0.192017,0.0451485
1.55276,0.193681,-0.100285
1.52508,0.114939,0.089069
1.50223,0.0395998,0.0612238
1.53,0.11531,-0.0714718
1.51628,0.114276,0.186704
1.54672,0.192929,-0.0635034
1.4909,0.039301,0.271923
1.54446,0.187174,-0.0271559
1.51496,0.0346443,-0.0441012
1.52912,0.109877,-0.429164
1.52538,0.0348827,-0.305159
1.52407,0.109515,0
1.49139,-0.0387926,-0.0173685
1.52567,0.109629,-0.23797
1.51141,0.034563,-0.192433
1.5407,0.186719,0.00902009
1.51927,0.10917,-0.164073
1.4874,-0.0386886,0.0173219
1.5323,0.110106,-0.107425
1.53611,0.186162,0.0450321
1.51137,0.0345623,0.026388
1.5455,0.1873,-0.0997738
1.52548,0.109616,0.089069
1.50636,0.0344475,0.0613866
1.53438,0.110255,-0.0716579
1.54738,0.187529,-0.0635034
1.49102,0.0340969,0.271923
1.53164,0.110058,-0.0357322
1.51108,0.029278,-0.0439849
1.52949,0.104539,-0.429164
1.51765,0.0294055,-0.30359
1.52045,0.103921,0
1.49125,-0.0439987,-0.0173685
1.5221,0.104033,-0.237355
1.51152,0.0292866,-0.192433
1.5334,0.180404,0.00897359
1.51169,0.02929,-0.00878761
1.53551,0.10495,-0.165786
1.48325,-0.0437628,0.0172754
1.53267,0.104756,-0.107425
1.53675,0.180798,0.0450321
1.50749,0.0292085,0.0263182
1.54218,0.181437,-0.0995179
1.51788,0.103745,0.0886039
1.50247,0.0291113,0.0612238
1.51364,0.0293277,-0.0793413
1.521,0.103958,0.187191
1.54009,0.181192,-0.0631777
1.50334,0.102751,0.403758
1.4872,0.0288154,0.271206
1.52802,0.104438,-0.0356391
1.52984,0.174573,-0.0268767
1.50317,0.0238758,-0.0437522
1.51775,0.0241073,-0.30359
1.52081,0.0986123,0
1.52245,0.0987189,-0.237355
1.51161,0.0240098,-0.192433
1.53799,0.175504,0.00899684
1.50379,0.0238855,-0.00874112
1.51603,0.0983025,-0.163644
1.48309,-0.0489404,0.0172754
1.53303,0.0994049,-0.107425
1.5334,0.174979,0.0449158
1.50358,0.0238823,0.0262484
1.53884,0.1756,-0.0992621
1.52222,0.0987039,0.0888364
1.49857,0.0238027,0.0610609
1.53112,0.0992812,-0.0714718
1.52136,0.098648,0.187191
1.54469,0.176267,-0.0633405
1.50369,0.0975022,0.403758
1.48729,0.0236235,0.271206
1.52039,0.0985857,-0.035453
1.49925,0.0185801,-0.0436358
1.51715,0.0930593,0
1.49091,-0.0544078,-0.0173685
1.51169,0.0187342,-0.192433
1.53064,0.169256,0.00895035
1.50386,0.0186372,-0.00874112
1.53224,0.093985,-0.165358
1.47892,-0.0539702,0.0172288
1.52938,0.0938098,-0.107146
1.534,0.169627,0.0449158
1.50366,0.0186347,0.0262484
1.53944,0.170228,-0.0992621
1.51458,0.0929019,0.0883713
1.49065,0.0184735,0.0607353
1.52348,0.0934478,-0.0710996
1.5098,0.0926087,0.185729
1.54529,0.170876,-0.0633405
1.50402,0.0922538,0.403758
1.48736,0.0184328,0.271206
1.52871,0.0937686,-0.0356391
1.52698,0.163997,-0.0268069
1.4993,0.0138696,-0.0436358
1.52278,0.0886034,-0.427007
1.51003,0.0139688,-0.302021
1.51743,0.0882921,0
1.48673,-0.0589334,-0.0173219
1.51913,0.0883906,-0.23674
1.51174,0.0139846,-0.192433
1.53515,0.164873,0.00897359
1.49991,0.0138752,-0.00871787
1.52459,0.0887084,-0.164501
1.48274,-0.0587749,0.0172754
1.5217,0.0885406,-0.106588
1.53055,0.164379,0.0447994
1.50771,0.0139473,0.0263182
1.54394,0.165817,-0.0995179
1.51487,0.0881428,0.0883713
1.4907,0.01379,0.0607353
1.51009,0.0878646,0.185729
1.54185,0.165593,-0.0631777
1.51201,0.0879768,0.405828
1.48348,0.0137232,0.270488
1.52501,0.0887328,-0.0355461
1.5276,0.158133,-0.0268069
1.52311,0.0827561,-0.427007
1.51007,0.00817097,-0.302021
1.51776,0.0824653,0
1.47451,-0.0641199,-0.0171822
1.50781,0.00815875,-0.191928
1.53975,0.15939,0.00899684
1.52492,0.0828541,-0.164501
1.52534,0.0828769,0.0355461
1.4825,-0.0644674,0.0172754
1.53,0.0831304,-0.107146
1.52719,0.15809,0.0446831
1.53662,0.159066,-0.0990063
1.49074,0.00806638,0.0607353
1.52809,0.0830263,-0.0712857
1.51834,0.0824968,0.186704
1.5385,0.15926,-0.0630149
1.49691,0.0813323,0.401687
1.48352,0.00802731,0.270488
1.52417,0.152401,-0.0267371
1.49936,0.00287879,-0.0436358
1.52339,0.0774385,-0.427007
1.51804,0.0771664,0
1.48626,-0.06983,-0.0173219
1.50783,0.00289505,-0.191928
1.52835,0.15282,0.0089271
1.49597,0.00287228,-0.00869462
1.47827,-0.0694546,0.0172288
1.5263,0.0775862,-0.106867
1.52375,0.15236,0.0445667
1.50377,0.00288725,0.0262484
1.53717,0.153701,-0.0990063
1.51148,0.0768332,0.0881388
1.49476,0.00286994,0.0608981
1.51069,0.0767928,0.185729
1.54302,0.154286,-0.0631777
1.50104,0.0763024,0.402722
1.48354,0.00284841,0.270488
1.51763,0.0771456,-0.03536
1.52464,0.147612,-0.0267371
1.49537,-0.00182644,-0.0435194
1.51828,0.0723973,0
1.48204,-0.0742984,-0.0172754
1.51997,0.072478,-0.23674
1.50386,-0.00183682,-0.191423
1.52883,0.148018,0.0089271
1.49997,-0.00183207,-0.00871787
1.51749,0.0723598,-0.163644
1.47804,-0.0740981,0.0172288
1.52653,0.0727911,-0.106867
1.53218,0.148343,0.0447994
1.49577,-0.00182693,0.0261088
1.52969,0.148102,-0.0984946
1.51172,0.0720846,0.0881388
1.48677,-0.00181593,0.0605724
1.52062,0.0725092,-0.0709134
1.51092,0.0720467,0.185729
1.53554,0.148668,-0.062852
1.50513,0.0717707,0.403758
1.47961,-0.00180719,0.269771
1.51786,0.0723777,-0.03536
1.52913,0.14266,-0.0268069
1.49135,-0.00702778,-0.0434031
1.514,-0.00713451,-0.302805
1.50253,0.0663904,0
1.47778,-0.0792574,-0.0172288
1.51626,0.066997,-0.236125
1.49988,-0.00706798,-0.190918
1.52535,0.142308,0.00890385
1.49996,-0.00706834,-0.00871787
1.52568,0.067413,-0.164501
1.47778,-0.0792574,0.0172288
1.51881,0.0671094,-0.106309
1.53269,0.142993,0.0447994
1.49576,-0.00704853,0.0261088
1.53418,0.143132,-0.0987504
1.50398,0.0664544,0.0876736
1.48675,-0.0070061,0.0605724
1.51687,0.067024,-0.0707273
1.5072,0.0665966,0.185241
1.53605,0.143306,-0.062852
1.47959,-0.00697236,0.269771
1.51411,0.066902,-0.0352669
1.49132,-0.0124935,-0.0434031
1.50612,-0.0126175,-0.301236
1.50277,0.0608832,0
1.47748,-0.0846728,-0.0172288
1.51255,0.0612795,-0.23551
1.49985,-0.0125649,-0.190918
1.52586,0.136717,0.00890385
1.49592,-0.0125321,-0.00869462
1.51399,0.061338,-0.163216
1.51834,0.0615143,0.03536
1.46949,-0.0842151,0.0171357
1.51505,0.061381,-0.10603
1.52126,0.136304,0.0444503
1.49972,-0.0125639,0.0261786
1.53469,0.137508,-0.0987504
1.48704,-0.0852208,-0.0867434
1.50821,0.0611035,0.0879062
1.48671,-0.0124549,0.0605724
1.4995,0.0607508,0.184266
1.5286,0.136963,-0.0625264
1.51834,0.0615143,-0.03536
1.52214,0.131029,-0.0266673
1.49526,-0.0177469,-0.0435194
1.50999,-0.0179217,-0.302021
1.50297,0.0556368,0
1.46919,-0.0893445,-0.0171357
1.5088,0.0558527,-0.234896
1.49979,-0.0178007,-0.190918
1.52234,0.131046,0.0088806
1.49587,-0.0177541,-0.00869462
1.51817,0.0561995,-0.163644
1.47717,-0.0898301,0.0172288
1.51526,0.0560917,-0.10603
1.52173,0.130993,0.0444503
1.49967,-0.0177992,0.0261786
1.52721,0.131465,-0.0982388
1.5124,0.0559859,0.0881388
1.49066,-0.0176923,0.0607353
1.52131,0.0563156,-0.0709134
1.50764,0.0558096,0.185241
1.53305,0.131968,-0.0626892
1.5186,0.125386,-0.0265975
1.49919,-0.0230273,-0.0436358
1.50992,-0.0231921,-0.302021
1.50715,0.0505245,0
1.47685,-0.0949855,-0.0172288
1.49179,-0.0229136,-0.189907
1.51881,0.125403,0.00885736
1.4958,-0.0229753,-0.00869462
1.47685,-0.0949855,0.0172288
1.51545,0.0508025,-0.10603
1.52217,0.125681,0.0444503
1.4916,-0.0229107,0.026039
1.52368,0.125805,-0.097983
1.50061,0.0503052,0.0874411
1.4826,-0.0227725,0.0604096
1.5175,0.0508713,-0.0707273
1.50386,0.0504139,0.184754
1.52554,0.125959,-0.0623636
1.49828,0.0502268,0.401687
1.51474,0.0507787,-0.0352669
1.51903,0.120084,-0.0265975
1.48711,-0.0280347,-0.0432867
1.5059,-0.028389,-0.301236
1.50732,0.0452628,0
1.47651,-0.10014,-0.0172288
1.50521,0.0451993,-0.234281
1.49963,-0.0282708,-0.190918
1.52721,0.12073,0.00890385
1.49171,-0.0281215,-0.00867138
1.51058,0.0453606,-0.162788
1.51091,0.0453706,0.0351739
1.47651,-0.10014,0.0172288
1.5196,0.0456316,-0.106309
1.51862,0.120051,0.044334
1.49551,-0.028193,0.0261088
1.52809,0.1208,-0.0982388
1.48208,-0.100518,-0.0865109
1.50477,0.0451862,0.0876736
1.47851,-0.0278726,0.0602468
1.51767,0.0455736,-0.0707273
1.50402,0.0451637,0.184754
1.52995,0.120947,-0.0625264
1.51491,0.0454906,-0.0352669
1.51545,0.114479,-0.0265277
1.483,-0.0331365,-0.0431704
1.50187,-0.0335582,-0.300452
1.50747,0.0400006,0
1.47216,-0.10501,-0.0171822
1.50535,0.0399445,-0.234281
1.49159,-0.0333284,-0.189907
1.51964,0.114796,0.00885736
1.4916,-0.0333287,-0.00867138
1.50675,0.0399815,-0.162359
1.47216,-0.10501,0.0171822
1.51178,0.0401148,-0.105751
1.52301,0.11505,0.0444503
1.4874,-0.0332349,0.0259692
1.52054,0.114863,-0.0977271
1.50093,0.039827,0.0874411
1.4784,-0.0330338,0.0602468
1.51383,0.0401692,-0.0705412
1.5002,0.0398077,0.184266
1.52638,0.115305,-0.0623636
1.50706,0.0399898,-0.0350808
1.48687,-0.0384158,-0.0432867
1.49391,-0.0385975,-0.298883
1.4956,0.0344623,0
1.47577,-0.110446,-0.0172288
1.50549,0.03469,-0.234281
1.49146,-0.0385344,-0.189907
1.52403,0.109778,0.0088806
1.49548,-0.038638,-0.00869462
1.51086,0.0348138,-0.162788
1.47178,-0.110147,0.0171822
1.5159,0.0349299,-0.10603
1.51144,0.108872,0.0441012
1.48728,-0.0384262,0.0259692
1.52889,0.110129,-0.0982388
1.50505,0.03468,0.0876736
1.47828,-0.0381938,0.0602468
1.49636,0.0344798,0.183779
1.5188,0.109402,-0.0620379
1.5202,0.10417,-0.0265975
1.48273,-0.0434885,-0.0431704
1.5016,-0.0440419,-0.300452
1.49971,0.0293197,0
1.46342,-0.114659,-0.0170891
1.48735,-0.043624,-0.189402
1.51243,0.103637,0.00881086
1.49133,-0.0437407,-0.00867138
1.51097,0.0295397,-0.162788
1.5113,0.0295462,0.0351739
1.4674,-0.114972,0.0171357
1.51601,0.0296382,-0.10603
1.51181,0.103595,0.0441012
1.48713,-0.0436175,0.0259692
1.5213,0.104246,-0.0977271
1.49718,0.0292701,0.0872085
1.48213,-0.0434709,0.0604096
1.4973,-0.0439157,-0.0785039
1.49647,0.0292563,0.183779
1.52316,0.104373,-0.0622007
1.51653,0.0991329,-0.0265277
1.48659,-0.0482762,-0.0432867
1.49362,-0.0485045,-0.298883
1.4998,0.024608,0
1.46703,-0.119581,-0.0171357
1.50568,0.0247046,-0.234281
1.48721,-0.0482965,-0.189402
1.51275,0.0988854,0.00881086
1.48319,-0.048166,-0.00862488
1.50708,0.0247275,-0.162359
1.46703,-0.119581,0.0171357
1.51609,0.0248754,-0.10603
1.52011,0.0993669,0.044334
1.47899,-0.0480297,0.0258296
1.51366,0.0989451,-0.0972155
1.49726,0.0245664,0.0872085
1.48199,-0.0481269,0.0604096
1.49259,0.0244897,0.183292
1.52747,0.099848,-0.0623636
1.50339,0.024667,-0.0349878
1.51289,0.0933276,-0.0264578
1.47441,-0.0532912,-0.0429376
1.50788,0.0192128,0
1.47057,-0.125297,-0.0171822
1.49892,-0.054177,-0.190918
1.51709,0.0935866,0.00883411
1.487,-0.0537463,-0.00864813
1.50716,0.0192036,-0.162359
1.48018,-0.126115,-0.138673
1.49947,0.0191057,0.0348947
1.47057,-0.125297,0.0171822
1.5042,0.019166,-0.105193
1.4868,-0.0537391,0.0259692
1.52198,0.0938881,-0.0977271
1.49335,0.0190276,0.086976
1.47381,-0.0532696,0.060084
1.50624,0.019192,-0.0701689
1.49267,0.019019,0.183292
1.51985,0.0937567,-0.0620379
1.50747,0.0192076,-0.0350808
1.50923,0.0875504,-0.026388
1.48538,-0.0591398,-0.297314
1.49994,0.0136134,0
1.4701,-0.130686,-0.0171822
1.50187,0.0136309,-0.233666
1.48682,-0.0591969,-0.189402
1.50944,0.0875622,0.00878761
1.4868,-0.0591961,-0.00864813
1.49927,0.0136073,-0.161502
1.46213,-0.129978,0.0170891
1.50426,0.0136527,-0.105193
1.51282,0.0877582,0.0441012
1.49059,-0.0593472,0.026039
1.51833,0.088078,-0.0974713
1.47169,-0.130827,-0.0860458
1.49341,0.0135541,0.086976
1.47361,-0.058671,0.060084
1.5103,0.0137074,-0.0703551
1.48876,0.0135119,0.182804
1.52417,0.088417,-0.0622007
1.49553,0.0135734,-0.0348017
1.50953,0.0822816,-0.026388
1.47799,-0.0640135,-0.043054
1.48909,-0.0644941,-0.298098
1.49598,0.0083552,0
1.45769,-0.134713,-0.0170425
1.49796,0.00836626,-0.233051
1.49056,-0.0645582,-0.189907
1.51373,0.0825105,0.00881086
1.48259,-0.0642126,-0.00862488
1.50726,0.0084182,-0.162359
1.45769,-0.134713,0.0170425
1.5043,0.0084017,-0.105193
1.50513,0.0820417,0.0438685
1.48638,-0.0643769,0.0259692
1.51863,0.0827775,-0.0974713
1.4752,-0.136331,-0.0862783
1.48945,0.00831876,0.0867434
1.4734,-0.0638145,0.060084
1.51034,0.00843541,-0.0703551
1.48856,-0.0644713,-0.0780853
1.4888,0.00831509,0.182804
1.51649,0.082661,-0.0618751
1.51377,0.077744,-0.0264578
1.47379,-0.0684708,-0.0429376
1.496,0.00365541,0
1.4692,-0.140433,-0.0171822
1.48243,-0.0688723,-0.188897
1.50599,0.0773443,0.00876437
1.48637,-0.0690555,-0.00864813
1.50728,0.00368298,-0.162359
1.46124,-0.139672,0.0170891
1.50432,0.00367576,-0.105193
1.47818,-0.068675,0.0258296
1.51888,0.0780062,-0.0974713
1.49347,0.00364923,0.086976
1.47319,-0.068443,0.060084
1.50636,0.00368074,-0.0701689
1.48881,0.00363787,0.182804
1.51674,0.0778964,-0.0618751
1.50759,0.00368374,-0.0350808
1.51405,0.0721953,-0.0264578
1.47752,-0.0740722,-0.043054
1.48861,-0.0746285,-0.298098
1.492,-0.00182282,0
1.4647,-0.145422,-0.0171357
1.50193,-0.00183495,-0.233666
1.48216,-0.0743052,-0.188897
1.50626,0.071824,0.00876437
1.48211,-0.0743026,-0.00862488
1.5033,-0.00183663,-0.161931
1.46868,-0.145817,0.0171822
1.50565,0.0717948,0.0438685
1.48191,-0.0742926,0.0258994
1.49347,-0.00182461,0.086976
1.47692,-0.0740422,0.0602468
1.49279,-0.00182378,0.183292
1.51702,0.0723368,-0.0618751
1.50359,-0.00183698,-0.0349878
1.5063,0.0665567,-0.0263182
1.46927,-0.078801,-0.0428213
1.49618,-0.0802444,-0.299667
1.49998,-0.00706855,0
1.45622,-0.149716,-0.0170425
1.49401,-0.00704041,-0.232436
1.4819,-0.0794785,-0.188897
1.5065,0.0665657,0.00876437
1.47785,-0.0792615,-0.00860163
1.50329,-0.00708412,-0.161931
1.4602,-0.150125,0.0170891
1.50032,-0.00707014,-0.104914
1.50589,0.0665387,0.0438685
1.47765,-0.0792508,0.0258296
1.51142,0.066783,-0.0969596
1.46975,-0.151106,-0.0860458
1.48946,-0.00701896,0.0867434
1.46867,-0.0787691,0.0599211
1.50235,-0.00707973,-0.0699828
1.49277,-0.00703458,0.183292
1.50927,0.0666881,-0.0615494
1.49558,-0.0070478,-0.0348017
1.50652,0.0612983,-0.0263182
1.46898,-0.0839292,-0.0428213
1.48806,-0.085019,-0.298098
1.48795,-0.012206,0
1.46365,-0.155644,-0.0171357
1.49793,-0.0122879,-0.233051
1.47765,-0.0844244,-0.188392
1.50273,0.061144,0.00874112
1.47357,-0.0841915,-0.00857839
1.4953,-0.0122663,-0.161074
1.45967,-0.155221,0.0170891
1.50029,-0.0123072,-0.104914
1.50612,0.0612817,0.0438685
1.50766,0.0613445,-0.0967038
1.48943,-0.0122181,0.0867434
1.47238,-0.0841232,0.060084
1.49832,-0.0122911,-0.0697967
1.47955,-0.0845333,-0.0776666
1.48083,-0.0121476,0.181829
1.51748,0.0617443,-0.0618751
1.50354,-0.0123339,-0.0349878
1.47269,-0.0890414,-0.0429376
1.47994,-0.0894797,-0.296529
1.45517,-0.159624,-0.0170425
1.48998,-0.0171641,-0.231821
1.48132,-0.0895635,-0.188897
1.50692,0.0563098,0.00876437
1.48127,-0.0895604,-0.00862488
1.49525,-0.0172248,-0.161074
1.46877,-0.161115,-0.137929
1.4955,-0.0172276,0.0348017
1.45517,-0.159624,0.0170425
1.50423,-0.0173282,-0.105193
1.50232,0.0561376,0.0437522
1.47708,-0.0893069,0.0258296
1.51184,0.0564936,-0.0969596
1.48538,-0.0171112,0.0865109
1.4681,-0.0887641,0.0599211
1.49828,-0.0172597,-0.0697967
1.48325,-0.0896803,-0.0778759
1.48078,-0.0170581,0.181829
1.50969,0.0564133,-0.0615494
1.4955,-0.0172276,-0.0348017
1.50292,0.0506447,-0.0262484
1.46836,-0.0941825,-0.0428213
1.48351,-0.0951544,-0.297314
1.48783,-0.0225935,0
1.45855,-0.165407,-0.0170891
1.4899,-0.022625,-0.231821
1.47702,-0.0947382,-0.188392
1.49912,0.0505169,0.00871787
1.47295,-0.0944769,-0.00857839
1.49915,-0.0227654,-0.161502
1.49542,-0.0227088,0.0348017
1.45855,-0.165407,0.0170891
1.48819,-0.022599,-0.104077
1.46876,-0.0942081,0.0256899
1.50805,0.0508176,-0.0967038
1.4893,-0.0226159,0.0867434
1.46776,-0.0941443,0.0599211
1.4982,-0.022751,-0.0697967
1.48468,-0.0225456,0.182317
1.5059,0.0507451,-0.0613866
1.49908,0.0455392,-0.0261786
1.47203,-0.0993204,-0.0429376
1.4871,-0.100337,-0.298098
1.48775,-0.0275272,0
1.45005,-0.169315,-0.016996
1.49377,-0.0276387,-0.232436
1.47274,-0.0993686,-0.187887
1.49928,0.0455453,0.00871787
1.47662,-0.0996301,-0.00860163
1.48714,-0.027516,-0.160217
1.45799,-0.170243,0.0170891
1.49609,-0.0276816,-0.104635
1.49867,0.0455268,0.0436358
1.46844,-0.0990781,0.0256899
1.50821,0.0458165,-0.0967038
1.47724,-0.0273329,0.0860458
1.46744,-0.0990111,0.0599211
1.49812,-0.0277191,-0.0697967
1.48259,-0.100033,-0.0778759
1.4846,-0.0274689,0.182317
1.50606,0.0457511,-0.0613866
1.49934,-0.0277416,-0.0348947
1.4637,-0.103892,-0.0427049
1.48674,-0.105528,-0.298098
1.49164,-0.0328081,0
1.45342,-0.174854,-0.0170425
1.48971,-0.0327658,-0.231821
1.47634,-0.10479,-0.188392
1.50343,0.0404191,0.00874112
1.47626,-0.104784,-0.00860163
1.48704,-0.0327069,-0.160217
1.467,-0.176487,-0.137929
1.45739,-0.175332,0.0170891
1.49598,-0.0329037,-0.104635
1.49483,0.0401877,0.0435194
1.47207,-0.104486,0.0257598
1.50836,0.0405516,-0.0967038
1.46295,-0.176001,-0.0858132
1.49311,-0.0328405,0.086976
1.47108,-0.104416,0.060084
1.49801,-0.0329483,-0.0697967
1.47655,-0.0324763,0.181342
1.50621,0.0404937,-0.0613866
1.48724,-0.0327113,-0.0346156
1.48245,-0.110425,-0.297314
1.48352,-0.0378109,0
1.44883,-0.179434,-0.016996
1.49354,-0.0380664,-0.232436
1.47597,-0.109942,-0.188392
1.49956,0.0350773,0.00871787
1.4719,-0.109639,-0.00857839
1.49089,-0.0379988,-0.160646
1.4528,-0.179926,0.0170425
1.48788,-0.0379221,-0.104077
1.49496,0.0349696,0.0435194
1.4717,-0.109624,0.0257598
1.50051,0.0350995,-0.0961922
1.45441,-0.180125,-0.0853481
1.48101,-0.037747,0.0862783
1.46273,-0.108956,0.0597583
1.48186,-0.110381,-0.0778759
1.47643,-0.0376302,0.181342
1.45511,-0.108389,0.119118
1.50634,0.0352358,-0.0613866
1.49511,-0.0381063,-0.0348017
1.49548,0.0297591,-0.0261088
1.46294,-0.114108,-0.0427049
1.48206,-0.1156,-0.297314
1.48338,-0.0429891,0
1.4482,-0.184491,-0.016996
1.47162,-0.114785,-0.187887
1.49568,0.0297631,0.00869462
1.4828,-0.0429723,-0.159789
1.48697,-0.0430933,0.0346156
1.44423,-0.183985,0.0169494
1.49173,-0.0432312,-0.104356
1.4746,-0.115018,-0.120745
1.47529,-0.115072,0.0258296
1.50461,0.0299409,-0.096448
1.47289,-0.0426851,0.0858132
1.46633,-0.114372,0.0599211
1.49375,-0.0432898,-0.0696106
1.47748,-0.115242,-0.0776666
1.45473,-0.113468,0.119118
1.49846,0.0298184,-0.0610609
1.49097,-0.0432092,-0.0347086
1.46251,-0.119469,-0.0427049
1.47772,-0.120711,-0.296529
1.47921,-0.0482952,0
1.44751,-0.189797,-0.016996
1.48533,-0.0484949,-0.231206
1.46724,-0.119855,-0.187382
1.49178,0.024216,0.00867138
1.47506,-0.120495,-0.00860163
1.49853,-0.0489258,-0.161502
1.48281,-0.0484126,0.0345225
1.44751,-0.189797,0.016996
1.48757,-0.0485681,-0.104077
1.47417,-0.120422,-0.120745
1.49117,0.0242062,0.0434031
1.46689,-0.119827,0.0256899
1.50072,0.0243612,-0.0961922
1.4807,-0.0483438,0.0862783
1.46191,-0.119421,0.0597583
1.4856,-0.0485036,-0.0692383
1.47612,-0.0481943,0.181342
1.49856,0.0243261,-0.0610609
1.4948,-0.0488041,-0.0348017
1.49565,0.019318,-0.0261088
1.4621,-0.124318,-0.0427049
1.47731,-0.125611,-0.296529
1.47904,-0.0532001,0
1.44291,-0.194063,-0.0169494
1.48516,-0.0534202,-0.231206
1.46683,-0.12472,-0.187382
1.49185,0.019269,0.00867138
1.4627,-0.124369,-0.00853189
1.48643,-0.053466,-0.160217
1.45084,-0.19513,0.0170425
1.47773,-0.125647,-0.12107
1.46648,-0.124691,0.0256899
1.5008,0.0193845,-0.0961922
1.4564,-0.195877,-0.0855806
1.47255,-0.0529666,0.0858132
1.46151,-0.124268,0.0597583
1.49341,-0.053717,-0.0696106
1.47992,-0.0532317,0.181829
1.49863,0.0193566,-0.0610609
1.48077,-0.131113,-0.297314
1.47885,-0.0583626,0
1.44619,-0.199646,-0.016996
1.48892,-0.0587599,-0.231821
1.47429,-0.13054,-0.188392
1.49591,0.014099,0.00869462
1.46624,-0.129827,-0.00855514
1.48624,-0.0586543,-0.160217
1.48644,-0.0586622,0.0346156
1.45015,-0.200193,0.0170425
1.4912,-0.0588499,-0.104356
1.47332,-0.130453,-0.120745
1.47002,-0.130162,0.0257598
1.49686,0.014108,-0.0959363
1.4557,-0.20096,-0.0855806
1.45709,-0.129016,0.0595955
1.48922,-0.0587721,-0.0694244
1.47973,-0.0583973,0.181829
1.50269,0.0141629,-0.0612238
1.47064,-0.0631811,0
1.44548,-0.204693,-0.016996
1.49265,-0.0641265,-0.232436
1.47383,-0.135685,-0.188392
1.49195,0.0088535,0.00867138
1.46578,-0.134944,-0.00855514
1.47808,-0.0635005,-0.15936
1.47824,-0.0635072,0.0344294
1.44548,-0.204693,0.016996
1.49098,-0.0640548,-0.104356
1.49534,0.00887363,0.0435194
1.46956,-0.135292,0.0257598
1.4969,0.0088829,-0.0959363
1.45499,-0.20604,-0.0855806
1.47613,-0.063417,0.0860458
1.45663,-0.134102,0.0595955
1.48103,-0.0636271,-0.0690522
1.47158,-0.0632213,0.180854
1.49873,0.00889375,-0.0610609
1.48623,-0.0638505,-0.0346156
1.48777,0.00389499,-0.0259692
1.47594,-0.140817,-0.296529
1.47442,-0.0682425,0
1.44083,-0.208911,-0.0169494
1.48453,-0.0687105,-0.231206
1.46942,-0.140195,-0.187887
1.49197,0.00390599,0.00867138
1.46532,-0.139804,-0.00855514
1.48601,-0.0687786,0.0346156
1.44479,-0.209485,0.016996
1.48677,-0.0688142,-0.104077
1.48737,0.00389394,0.0432867
1.4691,-0.140165,0.0257598
1.49692,0.00391896,-0.0959363
1.4543,-0.210864,-0.0855806
1.46794,-0.0679424,0.0855806
1.45617,-0.138931,0.0595955
1.4848,-0.0687228,-0.0692383
1.47129,-0.140373,-0.0774572
1.47136,-0.0681009,0.180854
1.49475,0.00391328,-0.0608981
1.49,-0.0689635,-0.0347086
1.48777,-0.00155798,-0.0259692
1.47541,-0.146225,-0.296529
1.47017,-0.0734465,0
1.44006,-0.214191,-0.0169494
1.47638,-0.0737567,-0.229976
1.461,-0.144797,-0.186877
1.48797,-0.00155819,0.00864813
1.4648,-0.145174,-0.00855514
1.4776,-0.0738178,-0.15936
1.47776,-0.0738256,0.0344294
1.45193,-0.215956,0.0170891
1.47187,-0.145874,-0.120745
1.46062,-0.14476,0.0256201
1.49693,-0.00156756,-0.0959363
1.45352,-0.216193,-0.0855806
1.47964,-0.0739199,0.0862783
1.45168,-0.143873,0.0594326
1.48454,-0.0741644,-0.0692383
1.46679,-0.145371,-0.0772479
1.4711,-0.0734933,0.180854
1.49476,-0.00156529,-0.0608981
1.45176,-0.149,-0.0424722
1.47489,-0.151374,-0.296529
1.4699,-0.0785778,0
1.47611,-0.0789097,-0.229976
1.46048,-0.149896,-0.186877
1.48796,-0.00675219,0.00864813
1.46428,-0.150286,-0.00855514
1.48548,-0.0794105,0.0346156
1.4393,-0.219216,0.0169494
1.47429,-0.0788125,-0.10324
1.46738,-0.150604,-0.120419
1.48336,-0.0067313,0.0431704
1.46806,-0.150674,0.0257598
1.49691,-0.00679282,-0.0959363
1.45276,-0.221265,-0.0855806
1.4714,-0.0786581,0.0858132
1.45514,-0.149348,0.0595955
1.48826,-0.0795592,-0.0694244
1.46627,-0.15049,-0.0772479
1.46687,-0.078416,0.180367
1.48675,-0.0067467,-0.0605724
1.48148,-0.079197,-0.0345225
1.45125,-0.153813,-0.0424722
1.46963,-0.0834518,0
1.44252,-0.224603,-0.016996
1.47979,-0.0840283,-0.230591
1.46392,-0.155156,-0.187382
1.49193,-0.0117178,0.00867138
1.4598,-0.154719,-0.00853189
1.48897,-0.0845501,-0.160646
1.47722,-0.0838826,0.0344294
1.44252,-0.224603,0.016996
1.47084,-0.15589,-0.120745
1.48333,-0.0116503,0.0431704
1.45562,-0.154277,0.0255503
1.4889,-0.011694,-0.0954247
1.44807,-0.225467,-0.0853481
1.47113,-0.083537,0.0858132
1.45464,-0.154172,0.0595955
1.484,-0.0842675,-0.0692383
1.46661,-0.0832799,0.180367
1.49471,-0.0117397,-0.0608981
1.4852,-0.084336,-0.0346156
1.47383,-0.16141,-0.296529
1.47333,-0.088822,0
1.44173,-0.229637,-0.016996
1.48343,-0.0894311,-0.231206
1.45943,-0.159833,-0.186877
1.48788,-0.0168802,0.00864813
1.47676,-0.0890291,-0.15936
1.44738,-0.230538,-0.136814
1.47293,-0.0887979,0.0343364
1.44173,-0.229637,0.016996
1.48567,-0.0895661,-0.104077
1.47029,-0.161023,-0.120745
1.45905,-0.159792,0.0256201
1.49284,-0.0169365,-0.0956805
1.44727,-0.23052,-0.0853481
1.46286,-0.0881911,0.0853481
1.45012,-0.158814,0.0594326
1.48369,-0.0894471,-0.0692383
1.46234,-0.0881599,0.179879
1.49067,-0.0169118,-0.0607353
1.48091,-0.0892792,-0.0345225
1.46546,-0.165673,-0.29496
1.43697,-0.234025,-0.0169494
1.47522,-0.0941054,-0.229976
1.4628,-0.165372,-0.187382
1.48381,-0.0220144,0.00862488
1.45868,-0.164907,-0.00853189
1.47644,-0.0941834,-0.15936
1.4505,-0.236229,-0.137185
1.48059,-0.094448,0.0345225
1.43302,-0.233382,0.0169029
1.4734,-0.0939894,-0.10324
1.48321,-0.0220055,0.0431704
1.46246,-0.165334,0.0256899
1.48878,-0.0220881,-0.0954247
1.44252,-0.234929,-0.0851155
1.46653,-0.0935511,0.0855806
1.44956,-0.163875,0.0594326
1.45671,-0.164683,-0.0768292
1.46203,-0.0932639,0.179879
1.4906,-0.0221151,-0.0607353
1.46877,-0.171241,-0.295745
1.46469,-0.0985683,0
1.42825,-0.237726,-0.0168563
1.47488,-0.0992544,-0.229976
1.46222,-0.170478,-0.187382
1.48373,-0.0271937,0.00862488
1.46207,-0.170461,-0.00855514
1.48007,-0.0996036,-0.159789
1.43614,-0.23904,0.0169494
1.47306,-0.099132,-0.10324
1.46121,-0.17036,-0.120094
1.4579,-0.169974,0.0256201
1.4847,-0.0272117,-0.0951688
1.44169,-0.239963,-0.0851155
1.47815,-0.0994741,0.0862783
1.44898,-0.168934,0.0594326
1.47506,-0.0992664,-0.0688661
1.45773,-0.0981002,0.179392
1.48252,-0.0271717,-0.0604096
1.47626,-0.0993472,-0.0344294
1.445,-0.173584,-0.0423558
1.46037,-0.175431,-0.294176
1.46433,-0.10368,0
1.43136,-0.243381,-0.0169029
1.47453,-0.104402,-0.229976
1.45373,-0.174634,-0.186372
1.47962,-0.0322855,0.00860163
1.4575,-0.175086,-0.00853189
1.47178,-0.104208,-0.158932
1.4353,-0.244051,0.0169494
1.46873,-0.103992,-0.102961
1.47902,-0.0322724,0.043054
1.4573,-0.175062,0.0256201
1.4846,-0.0323941,-0.0951688
1.44872,-0.246333,-0.0855806
1.46584,-0.103787,0.0855806
1.45235,-0.174467,0.0595955
1.47869,-0.104697,-0.0690522
1.45949,-0.175325,-0.0770385
1.48641,-0.0324336,-0.0605724
1.4759,-0.1045,-0.0344294
1.44438,-0.178627,-0.0423558
1.45975,-0.180528,-0.294176
1.45997,-0.108495,0
1.4305,-0.248376,-0.0169029
1.48204,-0.110134,-0.231206
1.45705,-0.180195,-0.186877
1.4795,-0.0374501,0.00860163
1.44894,-0.179191,-0.00848539
1.47537,-0.109639,-0.15936
1.44795,-0.251405,-0.137185
1.46756,-0.109058,0.0342433
1.43444,-0.24906,0.0169494
1.47631,-0.109709,-0.103519
1.46394,-0.181046,-0.120419
1.4789,-0.0374349,0.043054
1.45668,-0.180148,0.0256201
1.48847,-0.0376771,-0.0954247
1.43998,-0.250022,-0.0851155
1.46547,-0.108903,0.0855806
1.44776,-0.179045,0.0594326
1.47433,-0.109562,-0.0688661
1.45887,-0.180419,-0.0770385
1.48629,-0.037622,-0.0605724
1.45911,-0.185622,-0.294176
1.45959,-0.11359,0
1.42962,-0.253368,-0.0169029
1.4777,-0.115,-0.230591
1.45642,-0.18528,-0.186877
1.47936,-0.0426143,0.00860163
1.45624,-0.185257,-0.00853189
1.46705,-0.114171,-0.158504
1.44314,-0.255763,-0.136814
1.47514,-0.114801,0.0344294
1.42962,-0.253368,0.0169029
1.47194,-0.114552,-0.10324
1.47876,-0.042597,0.043054
1.45207,-0.184727,0.0255503
1.48035,-0.0426427,-0.094913
1.43517,-0.25435,-0.084883
1.47304,-0.114638,0.0860458
1.44316,-0.183593,0.0592698
1.47394,-0.114707,-0.0688661
1.4503,-0.184502,-0.0766198
1.48615,-0.0428099,-0.0605724
1.47514,-0.114801,-0.0344294
1.4431,-0.188706,-0.0423558
1.46234,-0.191223,-0.29496
1.45918,-0.118685,0
1.43267,-0.259068,-0.0169494
1.46941,-0.119517,-0.229361
1.45576,-0.190362,-0.186877
1.4792,-0.047778,0.00860163
1.45558,-0.190339,-0.00853189
1.47457,-0.119936,-0.15936
1.44616,-0.261508,-0.137185
1.42873,-0.258357,0.0169029
1.47154,-0.119689,-0.10324
1.45869,-0.190745,-0.120094
1.47461,-0.0476295,0.0429376
1.44349,-0.188758,0.0254107
1.48418,-0.0479387,-0.0951688
1.44213,-0.260779,-0.0853481
1.46865,-0.119455,0.0858132
1.44251,-0.18863,0.0592698
1.46557,-0.119204,-0.0684938
1.45757,-0.190599,-0.0770385
1.48599,-0.0479972,-0.0605724
1.48282,-0.053077,-0.0258994
1.45389,-0.195282,-0.293391
1.42389,-0.262617,-0.0168563
1.46899,-0.124645,-0.229361
1.47503,-0.052798,0.00857839
1.45491,-0.195419,-0.00853189
1.47414,-0.125083,-0.15936
1.44524,-0.266554,-0.137185
1.47032,-0.124758,0.0343364
1.46713,-0.124488,-0.102961
1.45406,-0.195305,-0.119769
1.45471,-0.195392,0.0256201
1.44121,-0.265812,-0.0853481
1.47221,-0.124919,0.0860458
1.44185,-0.193664,0.0592698
1.46514,-0.124319,-0.0684938
1.45294,-0.195154,-0.0768292
1.4743,-0.125096,-0.0344294
1.45363,-0.200415,-0.0427049
1.45433,-0.128517,0
1.42689,-0.268325,-0.0169029
1.46461,-0.129424,-0.228746
1.44653,-0.199437,-0.185867
1.47484,-0.0579465,0.00857839
1.45422,-0.200496,-0.00853189
1.46974,-0.129878,-0.158932
1.47464,-0.130311,-0.103519
1.45732,-0.200924,-0.120094
1.47024,-0.057766,0.0428213
1.45006,-0.199923,0.0255503
1.43242,-0.269365,-0.084883
1.45983,-0.129002,0.0853481
1.44116,-0.198696,0.0592698
1.46868,-0.129784,-0.0686799
1.45225,-0.200225,-0.0768292
1.47364,-0.0578995,-0.060084
1.46987,-0.12989,-0.0343364
1.44868,-0.204372,-0.292607
1.45791,-0.133449,0
1.42211,-0.272054,-0.0168563
1.476,-0.135106,-0.230591
1.4459,-0.20398,-0.185867
1.47864,-0.0627491,0.00860163
1.44962,-0.204505,-0.00850864
1.4614,-0.13377,-0.158075
1.43952,-0.275385,-0.136814
1.46548,-0.134142,0.0342433
1.46627,-0.134216,-0.102961
1.45273,-0.204944,-0.119769
1.47405,-0.0625541,0.0429376
1.44942,-0.204477,0.0255503
1.43157,-0.273864,-0.084883
1.45146,-0.13286,0.084883
1.43657,-0.202664,0.059107
1.46826,-0.134398,-0.0686799
1.45161,-0.204786,-0.0768292
1.47744,-0.0626982,-0.0602468
1.46946,-0.134507,-0.0343364
1.43644,-0.207762,-0.0422395
1.45345,-0.138159,0
1.42901,-0.278547,-0.0169494
1.47945,-0.140631,-0.231206
1.44518,-0.209026,-0.185867
1.47442,-0.0677267,0.00857839
1.44494,-0.208991,-0.00848539
1.46884,-0.139623,-0.158932
1.43464,-0.279646,-0.136442
1.46102,-0.138879,0.0341503
1.4658,-0.139333,-0.102961
1.47782,-0.0678826,0.043054
1.44474,-0.208963,0.0254805
1.43061,-0.278859,-0.084883
1.45497,-0.138303,0.0851155
1.46381,-0.139144,-0.0684938
1.45089,-0.209852,-0.0768292
1.48121,-0.0680384,-0.0604096
1.465,-0.139257,-0.0342433
1.47396,-0.0731203,-0.0257598
1.43567,-0.213025,-0.0422395
1.45293,-0.143485,0
1.42013,-0.282224,-0.0168563
1.47499,-0.145664,-0.230591
1.44833,-0.214904,-0.186372
1.47416,-0.0731302,0.00857839
1.44416,-0.214286,-0.00848539
1.47228,-0.145396,-0.15936
1.4605,-0.144233,0.0341503
1.45733,-0.14392,-0.102403
1.47356,-0.0731005,0.0429376
1.44397,-0.214257,0.0254805
1.47914,-0.0733773,-0.094913
1.43349,-0.284879,-0.0851155
1.45445,-0.143635,0.0851155
1.46726,-0.144901,-0.0686799
1.45406,-0.215755,-0.0770385
1.47297,-0.0730708,-0.060084
1.4737,-0.078265,-0.0257598
1.41914,-0.287179,-0.0168563
1.46661,-0.150008,-0.229361
1.44365,-0.219362,-0.185867
1.4739,-0.0782756,0.00857839
1.44736,-0.219927,-0.00850864
1.47176,-0.150534,-0.15936
1.43651,-0.290695,-0.136814
1.46476,-0.149818,-0.102961
1.45047,-0.220399,-0.119769
1.46931,-0.0780317,0.0428213
1.43926,-0.218695,0.0254107
1.47091,-0.0781166,-0.0944013
1.43249,-0.289881,-0.0851155
1.45791,-0.149118,0.0853481
1.46277,-0.149615,-0.0684938
1.4533,-0.220829,-0.0770385
1.4727,-0.078212,-0.060084
1.43418,-0.222792,-0.0422395
1.46218,-0.154455,-0.228746
1.44291,-0.224148,-0.185867
1.47363,-0.0831628,0.00857839
1.44267,-0.224111,-0.00848539
1.46335,-0.154579,-0.158504
1.43554,-0.295457,-0.136814
1.45632,-0.153837,-0.102403
1.44579,-0.224596,-0.119443
1.46505,-0.0826784,0.0427049
1.43852,-0.223467,0.0254107
1.43543,-0.295435,-0.0853481
1.45741,-0.153951,0.0853481
1.47022,-0.155304,-0.0688661
1.44467,-0.224421,-0.0766198
1.47243,-0.0830952,-0.060084
1.46744,-0.155011,-0.0343364
1.46515,-0.0878157,-0.0256201
1.45138,-0.158439,0
1.46949,-0.160416,-0.229976
1.46934,-0.0880669,0.00855514
1.44583,-0.229773,-0.00850864
1.4267,-0.298833,-0.13607
1.45496,-0.15883,0.0340572
1.45974,-0.159352,-0.102682
1.44894,-0.230267,-0.119769
1.46475,-0.0877919,0.0427049
1.44169,-0.229114,0.0254805
1.42657,-0.298806,-0.084883
1.44892,-0.158171,0.084883
1.44981,-0.158267,-0.0679354
1.47612,-0.0884736,-0.0602468
1.46291,-0.159698,-0.0342433
1.47282,-0.166244,-0.230591
1.46501,-0.0931977,0.00853189
1.44103,-0.234429,-0.00848539
1.4622,-0.165046,-0.158504
1.4217,-0.30323,-0.135698
1.45834,-0.16461,0.0341503
1.45122,-0.163806,-0.102123
1.45202,-0.236216,-0.120094
1.46442,-0.0931598,0.0427049
1.43689,-0.233755,0.0254107
1.42937,-0.304866,-0.0851155
1.44833,-0.16348,0.084883
1.45319,-0.164028,-0.0681216
1.43908,-0.234111,-0.0764105
1.4718,-0.0936295,-0.060084
1.46232,-0.165059,-0.0342433
1.46051,-0.169503,-0.228746
1.44836,-0.240293,-0.186877
1.4727,-0.0983327,0.00857839
1.44423,-0.239609,-0.00850864
1.42074,-0.307695,-0.135698
1.45782,-0.169191,0.0341503
1.45466,-0.168825,-0.102403
1.44734,-0.240124,-0.119769
1.46412,-0.09776,0.0427049
1.44009,-0.238922,0.0254805
1.47369,-0.098399,-0.0946572
1.42451,-0.30851,-0.084883
1.44385,-0.167569,0.0846504
1.45663,-0.169053,-0.0683077
1.44228,-0.239285,-0.0766198
1.4715,-0.0982528,-0.060084
1.46179,-0.169652,-0.0342433
1.44567,-0.173153,0
1.45595,-0.174385,-0.228132
1.46036,-0.102886,0.00850864
1.44335,-0.244901,-0.00850864
1.46499,-0.175468,-0.158932
1.42349,-0.313757,-0.13607
1.44925,-0.173582,0.0339642
1.45403,-0.174155,-0.102403
1.43858,-0.244093,-0.119118
1.45976,-0.102845,0.0425885
1.42738,-0.242192,0.0252711
1.46535,-0.103239,-0.0941455
1.42727,-0.314588,-0.0851155
1.45115,-0.17381,0.0851155
1.45997,-0.174866,-0.0684938
1.44533,-0.245238,-0.0768292
1.47113,-0.103646,-0.060084
1.46116,-0.175009,-0.0342433
1.45138,-0.179236,-0.227517
1.46396,-0.108534,0.00853189
1.46051,-0.180363,0.0342433
1.45338,-0.179483,-0.102403
1.44554,-0.250727,-0.119769
1.45938,-0.108194,0.0425885
1.43042,-0.248105,0.0253409
1.41441,-0.317196,-0.0844179
1.44258,-0.178149,0.0846504
1.45932,-0.180216,-0.0684938
1.43655,-0.249168,-0.0764105
1.46277,-0.108446,-0.0597583
1.45257,-0.179383,-0.0340572
1.42522,-0.252331,-0.0421231
1.44836,-0.183998,0
1.45075,-0.184301,-0.227517
1.45958,-0.113334,0.00850864
1.43762,-0.254526,-0.00848539
1.45976,-0.185445,-0.158504
1.4251,-0.32482,-0.136442
1.44797,-0.183948,0.0339642
1.44879,-0.184052,-0.102123
1.43288,-0.253686,-0.118792
1.43349,-0.253794,0.0254107
1.44987,-0.18419,0.0851155
1.45472,-0.184806,-0.0683077
1.46637,-0.113861,-0.0599211
1.45193,-0.184452,-0.0340572
1.458,-0.189879,-0.228746
1.46321,-0.118241,0.00853189
1.43287,-0.258331,-0.00846215
1.44733,-0.18849,-0.157218
1.41631,-0.327501,-0.135698
1.44738,-0.188496,0.0339642
1.45216,-0.189118,-0.102403
1.43992,-0.259601,-0.119443
1.45863,-0.117871,0.0425885
1.42006,-0.328369,-0.084883
1.44137,-0.187712,0.0846504
1.45413,-0.189375,-0.0683077
1.43487,-0.25869,-0.0764105
1.466,-0.118467,-0.0599211
1.45928,-0.190045,-0.0342433
1.43911,-0.193041,0
1.44943,-0.194425,-0.227517
1.43214,-0.263881,-0.185362
1.45876,-0.123521,0.00850864
1.43974,-0.265281,-0.00850864
1.44351,-0.193632,-0.101844
1.43499,-0.264406,-0.119118
1.45977,-0.123607,-0.0938897
1.41879,-0.333819,-0.084883
1.44151,-0.193363,-0.0677493
1.43779,-0.264922,-0.0766198
1.45757,-0.12342,-0.0595955
1.44665,-0.194052,-0.0339642
1.44874,-0.199483,-0.227517
1.42731,-0.268146,-0.184857
1.4623,-0.128963,0.00853189
1.43487,-0.269566,-0.00848539
1.45773,-0.200722,-0.158504
1.42162,-0.339726,-0.136442
1.44992,-0.199646,0.0340572
1.44283,-0.198669,-0.101844
1.43798,-0.270149,-0.119443
1.45933,-0.128702,-0.0938897
1.4215,-0.339698,-0.0851155
1.44479,-0.198939,-0.0679354
1.43293,-0.269201,-0.0764105
1.46111,-0.128859,-0.0597583
1.45785,-0.200737,-0.0342433
1.4481,-0.204033,-0.227517
1.42646,-0.272629,-0.184857
1.46189,-0.133557,0.00853189
1.43402,-0.274073,-0.00848539
1.44922,-0.20419,-0.157647
1.45325,-0.204758,0.0341503
1.4422,-0.203201,-0.101844
1.42929,-0.273169,-0.118792
1.45892,-0.133286,-0.0938897
1.45602,-0.205149,-0.0684938
1.43208,-0.273702,-0.0764105
1.4607,-0.133448,-0.0597583
1.45325,-0.204758,-0.0341503
1.43708,-0.207599,0
1.44738,-0.209087,-0.227517
1.4294,-0.278365,-0.185362
1.45345,-0.137903,0.00848539
1.42913,-0.278312,-0.00846215
1.44063,-0.208111,-0.15679
1.41933,-0.349147,-0.136442
1.44857,-0.209258,0.0340572
1.44938,-0.209375,-0.102403
1.43224,-0.278918,-0.119118
1.43948,-0.207945,-0.0677493
1.43504,-0.279462,-0.0766198
1.4642,-0.138924,-0.0599211
1.44857,-0.209258,-0.0340572
1.45446,-0.215295,-0.228746
1.42453,-0.28258,-0.184857
1.45296,-0.142976,0.00848539
1.44382,-0.21372,-0.157218
1.43992,-0.213142,0.0338711
1.43517,-0.284692,-0.119443
1.45237,-0.142918,0.0424722
1.41411,-0.353102,-0.084883
1.43875,-0.212969,-0.0677493
1.42621,-0.282915,-0.0762012
1.45973,-0.143642,-0.0597583
1.41868,-0.28683,-0.0421231
1.44585,-0.219439,-0.227517
1.43126,-0.289372,-0.185867
1.4564,-0.148707,0.00850864
1.4391,-0.218414,-0.15679
1.44308,-0.219018,0.0339642
1.43601,-0.217945,-0.101565
1.43021,-0.28916,-0.119118
1.44786,-0.147834,0.0423558
1.45345,-0.148405,-0.0936338
1.43796,-0.218241,-0.0677493
1.42908,-0.288933,-0.0764105
1.4592,-0.148992,-0.0597583
1.45099,-0.220218,-0.0341503
1.44121,-0.223626,-0.226902
1.45192,-0.153116,0.00848539
1.44235,-0.223802,0.0339642
1.42534,-0.293098,-0.118792
1.45295,-0.153224,-0.0936338
1.44117,-0.22362,-0.0679354
1.42029,-0.292061,-0.0759918
1.45869,-0.15383,-0.0597583
1.43009,-0.227016,0
1.44823,-0.229895,-0.228132
1.45536,-0.158616,0.00850864
1.44544,-0.229452,-0.157647
1.44156,-0.228836,0.0339642
1.43843,-0.22834,-0.101844
1.42821,-0.298888,-0.119118
1.45079,-0.158119,0.0424722
1.4524,-0.158294,-0.0936338
1.44433,-0.229276,-0.0681216
1.42708,-0.298653,-0.0764105
1.45418,-0.158488,-0.0595955
1.4455,-0.229463,-0.0340572
1.43957,-0.233933,-0.226902
1.42039,-0.30269,-0.184857
1.44682,-0.163054,0.00846215
1.43673,-0.233472,-0.15679
1.43676,-0.233476,0.0338711
1.44152,-0.234251,-0.102123
1.4271,-0.304121,-0.119118
1.44623,-0.162987,0.0423558
1.43559,-0.233287,-0.0677493
1.41817,-0.302217,-0.0759918
1.44071,-0.234118,-0.0339642
1.44654,-0.240252,-0.228132
1.44624,-0.168103,0.00846215
1.43591,-0.238486,-0.15679
1.43594,-0.23849,0.0338711
1.43283,-0.237974,-0.101565
1.42603,-0.3091,-0.119118
1.44962,-0.168496,0.0424722
1.43477,-0.238296,-0.0677493
1.4171,-0.307165,-0.0759918
1.453,-0.168889,-0.0595955
1.44383,-0.239801,-0.0340572
1.43405,-0.243066,-0.226287
1.44964,-0.173373,0.00848539
1.42725,-0.241914,0.033685
1.4211,-0.31297,-0.118792
1.44509,-0.172828,0.0423558
1.4467,-0.173021,-0.093378
1.43791,-0.243721,-0.0679354
1.41608,-0.311863,-0.0759918
1.44847,-0.173232,-0.0594326
1.44302,-0.244587,-0.0340572
1.43073,-0.247644,0
1.43319,-0.24807,-0.226287
1.453,-0.178921,0.00850864
1.44209,-0.249611,-0.157647
1.43117,-0.247721,-0.101565
1.42,-0.317929,-0.118792
1.44609,-0.17807,-0.093378
1.43311,-0.248057,-0.0677493
1.41888,-0.317677,-0.0762012
1.44785,-0.178287,-0.0594326
1.44216,-0.249623,-0.0340572
1.44006,-0.254698,-0.227517
1.4444,-0.183238,0.00846215
1.44508,-0.255587,-0.158075
1.42272,-0.324017,-0.119118
1.43985,-0.182661,0.0422395
1.44006,-0.2547,-0.0681216
1.41381,-0.321988,-0.0759918
1.44719,-0.183593,-0.0594326
1.44124,-0.254907,-0.0340572
1.43978,-0.187762,0.0084389
1.41381,-0.327183,-0.118467
1.4392,-0.187686,0.0422395
1.42046,-0.328722,-0.0764105
1.44258,-0.188126,-0.0592698
1.43247,-0.258516,-0.0338711
1.44308,-0.193318,0.00846215
1.44326,-0.26567,-0.158075
1.4243,-0.334854,-0.119443
1.4425,-0.193239,0.0423558
1.41153,-0.33185,-0.0759918
1.44984,-0.194222,-0.0595955
1.43549,-0.264238,-0.0339642
1.4504,-0.198937,0.00850864
1.43069,-0.268006,-0.15679
1.43792,-0.197227,0.0422395
1.42956,-0.267793,-0.0677493
1.41048,-0.336283,-0.0759918
1.44526,-0.198233,-0.0594326
1.43465,-0.268747,-0.0339642
1.44177,-0.202884,0.00846215
1.43366,-0.273744,-0.157218
1.42668,-0.272412,-0.101565
1.40655,-0.34054,-0.118141
1.42469,-0.272032,-0.0675632
1.40929,-0.341204,-0.0759918
1.42978,-0.273003,-0.0338711
1.43706,-0.207595,0.0084389
1.43655,-0.279757,-0.157647
1.42959,-0.278402,-0.101844
1.43809,-0.207745,-0.0931222
1.42368,-0.277252,-0.0675632
1.4438,-0.20857,-0.0594326
1.42484,-0.277477,-0.0337781
1.44032,-0.212945,0.00846215
1.42474,-0.282365,-0.101565
1.41961,-0.354212,-0.119443
1.42667,-0.282748,-0.0677493
1.43915,-0.212772,-0.0592698
1.43176,-0.283755,-0.0339642
1.43953,-0.218222,0.00846215
1.42286,-0.287417,-0.156362
1.4237,-0.287585,-0.101565
1.40671,-0.356474,-0.118467
1.43104,-0.216935,0.0421231
1.43661,-0.217779,-0.0931222
1.4178,-0.286393,-0.0673771
1.44231,-0.218644,-0.0594326
1.42679,-0.288209,-0.0338711
1.43876,-0.223246,0.00846215
1.41704,-0.364361,-0.119443
1.43584,-0.222793,-0.0931222
1.4207,-0.292145,-0.0675632
1.43759,-0.223065,-0.0592698
1.42186,-0.292382,-0.0337781
1.43406,-0.227389,0.0084389
1.40039,-0.365036,-0.118141
1.41972,-0.296854,-0.0675632
1.42871,-0.298733,-0.0339642
1.42927,-0.232003,0.00841565
1.42253,-0.302888,-0.0677493
1.436,-0.233095,-0.0592698
1.41587,-0.301469,-0.033685
1.43244,-0.237395,0.0084389
1.4157,-0.306343,-0.101286
1.41371,-0.305914,-0.0673771
1.43127,-0.237203,-0.059107
1.43554,-0.243062,0.00846215
1.42545,-0.313667,-0.157218
1.41462,-0.311283,-0.101286
1.43438,-0.242864,-0.0592698
1.43469,-0.248071,0.00846215
1.41352,-0.316219,-0.101286
1.42987,-0.252382,0.0084389
1.41935,-0.322729,-0.15679
1.42505,-0.256663,0.00841565
1.4093,-0.325622,-0.0673771
1.41408,-0.331669,-0.101565
1.40897,-0.335924,-0.101286
1.407,-0.335453,-0.0673771
1.42022,-0.276062,-0.0589441
1.40544,-0.350415,-0.101286
1.41826,-0.285971,-0.0589441
1.4109,-0.32029,-0.0589441
